Date,Contest number,Word,Number of  reported results,Number in hard mode,1 try,2 tries,3 tries,4 tries,5 tries,6 tries,7 or more tries (X),words_frequency,ASCII Sum,Has Duplicate Letters,letter_frequency_mul,letter_frequency_sum,vowel
2022/12/31,560,manly,20380,1899,0,2,17,37,29,12,2,3.12e-06,545,False,23.17805355,0.23321,1.0
2022/12/30,559,molar,21204,1973,0,4,21,38,26,9,1,3.08e-06,539,False,21.42377954,0.28092,2.0
2022/12/29,558,havoc,20001,1919,0,2,16,38,30,12,2,2.42e-06,529,False,23.22981995,0.25528,2.0
2022/12/28,557,impel,20160,1937,0,3,21,40,25,9,1,2.76e-07,535,False,22.52848814,0.28028,2.0
2022/12/27,556,condo,20879,2012,0,2,17,35,29,14,3,1.96e-06,531,True,21.08353095,0.28798,2.0
2022/12/26,555,judge,20011,2043,0,2,8,16,26,33,14,5.19e-05,527,False,27.69781047,0.21881,2.0
2022/12/25,554,extra,15554,1562,1,5,20,35,28,10,1,3.94e-05,548,False,23.49874932,0.36062,2.0
2022/12/24,553,poise,20281,1911,2,11,34,32,15,6,1,1.1e-06,544,False,20.23435548,0.35431,3.0
2022/12/23,552,aorta,21937,2112,0,7,26,35,20,10,3,2.84e-06,535,True,18.49072478,0.38884,3.0
2022/12/22,551,excel,20490,2034,0,1,13,34,34,15,2,6.29e-06,529,True,25.1371678,0.32361,2.0
2022/12/21,550,lunar,22180,2036,0,5,32,40,17,4,0,3.32e-06,546,False,21.38035646,0.27686,2.0
2022/12/20,549,third,24137,2261,1,10,47,32,9,2,0,0.000155412,539,False,19.96237289,0.32356,1.0
2022/12/19,548,slate,26010,2422,6,14,33,27,13,5,1,3.56e-06,537,False,18.67310661,0.40277,2.0
2022/12/18,547,taper,22166,2108,0,8,28,30,20,11,3,1.4e-06,540,False,19.81393058,0.37841,2.0
2022/12/17,546,chord,22336,2088,0,7,39,38,13,3,0,3.78e-06,528,False,21.55721842,0.26623,1.0
2022/12/16,545,probe,22853,2160,0,6,24,32,24,11,3,8.53e-06,536,False,22.53712675,0.29617,2.0
2022/12/15,544,rival,22176,2127,0,7,27,35,22,8,1,9.91e-06,542,False,22.83041582,0.26123,2.0
2022/12/14,543,usual,20824,2048,0,3,20,39,27,10,1,4.76e-05,554,True,22.59171943,0.24035,3.0
2022/12/13,542,spoke,24101,2224,0,6,31,38,19,5,0,7.67e-05,546,False,23.4080132,0.29237,2.0
2022/12/12,541,apply,22873,2150,0,5,28,38,22,7,1,5.7e-05,550,True,25.30365766,0.18024,1.0
2022/12/11,540,naive,21947,2075,1,7,24,32,24,11,1,3.75e-06,489,False,17.15605464,0.28596,3.0
2022/12/10,539,knock,21157,2041,0,3,18,43,27,8,1,1.49e-05,534,True,26.82690279,0.18582,1.0
2022/12/9,538,braid,23640,2165,0,10,36,35,14,3,0,2.08e-06,514,False,22.14158259,0.26865,2.0
2022/12/8,537,infer,21199,1863,0,3,19,33,26,14,3,4.19e-06,532,False,20.25971045,0.34632,2.0
2022/12/7,536,joust,24899,2388,0,6,29,34,21,8,2,2.18e-07,565,False,25.7154229,0.25801,2.0
2022/12/6,535,amber,23509,2261,0,6,22,33,24,12,3,8.01e-06,519,False,22.0967735,0.30754,2.0
2022/12/5,534,woken,23153,2200,0,2,10,25,36,23,4,2.74e-06,548,False,23.02392733,0.3009,2.0
2022/12/4,533,adore,25577,2398,2,17,32,29,15,5,1,2.05e-06,523,False,18.94394034,0.38616,3.0
2022/12/3,532,torso,23873,2260,0,4,35,36,17,6,1,4.16e-06,567,True,18.98057916,0.36384,2.0
2022/12/2,531,chafe,24646,2343,0,6,30,33,19,9,2,3.59e-07,503,False,21.2832298,0.31973,2.0
2022/12/1,530,eject,22628,2200,0,2,11,35,36,14,2,5.02e-07,523,True,23.93871347,0.37395,2.0
2022/11/30,529,study,2569,2405,0,6,30,33,19,10,2,0.000258949,569,False,22.84566009,0.24368,1.0
2022/11/29,528,undue,23739,2316,0,3,19,35,29,13,2,3.02e-06,545,True,21.78189766,0.2922,3.0
2022/11/28,527,tepid,26051,2484,0,10,38,35,13,3,0,6.92e-07,534,False,20.53675875,0.34906,2.0
2022/11/27,526,happy,25206,2356,0,6,28,39,19,6,1,9.55e-05,546,True,24.70525694,0.20093,1.0
2022/11/25,524,itchy,24197,2329,0,8,28,40,18,5,1,8.96e-07,545,False,22.17544261,0.26872,1.0
2022/11/24,523,feast,27705,2725,5,13,25,27,19,10,2,1.11e-05,531,False,19.52634616,0.3848,2.0
2022/11/23,522,drive,26663,2451,1,12,32,30,18,6,1,6.78e-05,538,False,22.11374621,0.30886,2.0
2022/11/22,521,prime,27437,2534,1,10,26,32,21,9,1,3.11e-05,541,False,21.95564365,0.2999,2.0
2022/11/21,520,axiom,24288,2382,0,5,19,33,27,13,3,2e-06,542,False,25.95123672,0.25196,3.0
2022/11/20,519,brave,24991,2396,1,6,17,27,27,18,5,1.56e-05,528,False,23.39550377,0.29326,2.0
2022/11/19,518,avert,24749,2400,0,7,26,35,22,9,1,1.7e-06,546,False,20.79387735,0.3689,2.0
2022/11/18,517,glyph,29208,2899,0,2,23,49,20,5,1,3.12e-07,548,False,25.66314769,0.16037,0.0
2022/11/17,516,there,27465,2530,0,14,35,33,14,4,0,0.001763988,536,True,17.51721668,0.46541,2.0
2022/11/16,515,baker,25576,2541,0,5,16,23,24,22,10,1.38e-05,517,False,23.73673739,0.2912,2.0
2022/11/15,514,snarl,27475,2650,0,5,21,31,24,15,4,1.49e-06,544,False,20.18245732,0.31255,1.0
2022/11/14,513,maple,26536,2467,1,6,26,36,21,8,1,4.43e-06,527,False,22.29901238,0.29229,2.0
2022/11/13,512,inane,25085,2515,0,8,25,30,21,13,3,4.63e-07,523,True,18.21281297,0.41333,3.0
2022/11/12,511,valet,24660,2356,0,4,22,38,25,9,1,2.01e-06,540,False,21.36672184,0.34928,2.0
2022/11/11,510,medal,25993,2438,0,5,25,38,23,8,1,4.48e-06,515,False,21.15838467,0.31553,2.0
2022/11/10,509,unite,27467,2575,1,11,31,33,18,5,1,4.54e-06,549,False,19.35479654,0.38231,3.0
2022/11/9,508,rainy,28984,2678,1,16,38,31,11,3,1,3.36e-06,547,False,21.07151523,0.29843,2.0
2022/11/8,507,spell,27213,2531,0,4,24,37,24,9,1,1.43e-05,544,True,21.92494487,0.29008,1.0
2022/11/7,506,begin,26096,2439,0,6,26,36,23,7,1,7.21e-05,517,False,22.40926558,0.29924,2.0
2022/11/6,505,stale,31068,3013,2,19,30,27,15,6,2,2.71e-06,537,False,18.67310661,0.40277,2.0
2022/11/5,504,dream,29743,2751,5,14,31,29,15,4,1,5.38e-05,521,False,20.58554018,0.33515,2.0
2022/11/4,503,photo,27330,2565,0,5,34,43,15,3,0,2.85e-05,554,True,20.66869138,0.32093,2.0
2022/11/3,502,aloud,29554,2819,1,18,31,30,15,4,1,1.15e-05,533,False,21.72014614,0.2671,3.0
2022/11/2,501,inept,27670,2640,0,6,30,39,20,6,1,8.4e-07,544,False,19.87056585,0.37402,2.0
2022/11/1,500,piney,27502,3667,0,1,14,37,33,14,2,2.06e-07,549,False,22.06831782,0.3032,2.0
2022/10/31,499,aptly,26498,2572,0,3,26,41,23,7,1,2.06e-06,554,False,23.07263685,0.25151,1.0
2022/10/30,498,waltz,24672,2496,0,2,11,29,35,19,3,2e-06,562,False,27.51915604,0.23682,1.0
2022/10/29,497,libel,25156,2536,0,3,15,32,32,16,2,1.57e-06,520,True,22.1567416,0.2921,2.0
2022/10/28,496,sneak,27905,2636,0,7,28,36,21,7,1,4.48e-06,530,False,21.47962285,0.34717,2.0
2022/10/27,495,carry,27609,2615,0,4,22,35,24,12,3,5.76e-05,545,True,22.56856377,0.24897,1.0
2022/10/26,494,flout,30063,2904,0,6,28,37,21,7,1,2.24e-07,554,False,22.50381003,0.25574,2.0
2022/10/25,493,foggy,28953,2817,0,2,13,35,32,15,3,1.39e-06,540,True,26.15261357,0.15739,1.0
2022/10/24,492,fault,28947,2768,0,7,27,35,22,8,1,3.07e-05,540,False,22.38224029,0.26234,2.0
2022/10/23,491,mummy,29279,3021,0,1,4,14,27,37,18,3.69e-06,565,True,26.97462657,0.1195,1.0
2022/10/22,490,spiel,29084,2810,0,7,32,36,19,6,1,3.86e-07,541,False,21.13360318,0.31949,2.0
2022/10/21,489,grove,28637,2794,0,4,18,30,28,17,3,7.55e-06,547,False,23.08354122,0.29189,2.0
2022/10/20,488,denim,28741,2769,0,5,29,40,20,5,0,1.59e-06,525,False,20.64217545,0.33076,2.0
2022/10/19,487,quirk,28322,2794,0,3,23,39,24,9,2,9.26e-07,556,False,30.14275067,0.16578,2.0
2022/10/18,486,exist,28612,2805,0,5,24,38,23,8,1,5.28e-05,557,False,23.64853675,0.35201,2.0
2022/10/17,485,stein,31269,2965,1,12,34,32,16,5,1,5.13e-06,547,False,18.1568974,0.418,2.0
2022/10/16,484,spade,30459,2854,1,8,29,36,19,6,1,1.86e-06,525,False,20.82463536,0.33378,2.0
2022/10/15,483,catch,30403,3123,0,7,18,20,15,16,23,4.15e-05,515,True,21.45096642,0.28881,1.0
2022/10/14,482,floor,28906,2752,0,3,23,44,24,6,0,0.000105595,546,True,21.6562367,0.27254,2.0
2022/10/13,481,equal,27197,2677,0,5,23,35,25,11,2,6.84e-05,536,False,26.44580839,0.27747,3.0
2022/10/12,480,ionic,29151,2947,0,2,13,25,28,21,11,5e-06,530,True,20.47958735,0.3097,3.0
2022/10/11,479,valid,28575,2752,0,4,28,38,21,8,1,2.21e-05,528,False,23.32376824,0.24389,2.0
2022/10/10,478,enjoy,26878,2654,0,3,12,29,33,20,3,4.21e-05,549,False,25.61666139,0.29085,2.0
2022/10/9,477,howdy,28408,2668,0,2,13,32,32,17,4,3.8e-07,555,False,23.39526526,0.22188,1.0
2022/10/8,476,vigor,26905,2642,0,2,15,35,31,14,2,2.36e-06,551,False,23.95019451,0.23453,2.0
2022/10/7,475,dandy,29026,2840,0,2,11,23,29,24,11,1.3e-06,528,True,22.27671727,0.25396,1.0
2022/10/6,474,sloth,32522,2987,1,10,38,34,13,3,0,8.07e-07,554,False,19.85427063,0.33009,1.0
2022/10/4,472,bough,32014,3060,0,3,17,35,28,13,3,9.06e-07,533,False,24.65200513,0.19866,2.0
2022/10/3,471,sting,32288,2969,1,10,30,33,18,8,2,4.37e-06,549,False,20.81310133,0.31113,1.0
2022/10/2,470,twine,30088,2775,0,6,28,40,20,5,1,1.08e-06,551,False,19.57963213,0.37833,2.0
2022/10/1,469,leave,28202,2696,0,4,16,34,31,12,1,0.000159264,525,True,20.87861203,0.38574,3.0
2022/9/30,468,scorn,31223,2859,0,8,31,35,20,6,1,3.79e-06,549,False,20.83689343,0.29352,1.0
2022/9/29,467,scald,30477,2829,0,4,23,36,24,11,2,2.45e-07,519,False,21.95436107,0.25554,1.0
2022/9/28,466,usurp,31355,3007,0,3,21,38,26,9,1,5.6e-07,575,True,24.10082803,0.19759,2.0
2022/9/27,465,soggy,30985,2888,0,2,18,38,28,11,2,9.39e-07,553,True,24.6468412,0.19838,1.0
2022/9/26,464,brisk,31706,2884,0,5,23,38,24,7,1,2.86e-06,539,False,24.97167532,0.21544,1.0
2022/9/25,463,admit,28994,2677,0,10,25,34,22,8,1,2.82e-05,527,False,20.85515279,0.30848,2.0
2022/9/24,462,grate,32777,3077,1,14,29,28,16,8,3,2e-06,531,False,19.75100388,0.37927,2.0
2022/9/23,461,glory,31509,2893,0,6,30,39,19,5,0,2.79e-05,557,False,23.72832058,0.21508,1.0
2022/9/22,460,saint,34455,3119,1,14,35,29,15,5,1,2.56e-05,543,False,18.79407494,0.37265,2.0
2022/9/21,459,recap,31976,2900,0,5,30,35,21,8,1,7.43e-07,523,False,21.51668212,0.31567,2.0
2022/9/20,458,alike,31277,2843,0,6,20,33,27,12,2,1.42e-05,518,False,22.08649894,0.32632,3.0
2022/9/19,457,trice,35050,3430,0,5,24,25,18,17,11,3e-07,535,False,19.51513706,0.37493,2.0
2022/9/18,456,stick,33102,3038,1,9,36,35,14,4,0,2.81e-05,542,False,23.47575975,0.25903,1.0
2022/9/17,455,chute,33418,3073,0,11,37,36,12,3,0,1.16e-06,537,False,20.82628884,0.33392,2.0
2022/9/16,454,parer,37309,4130,0,0,4,11,15,22,48,3.1e-08,538,True,20.41097127,0.34772,2.0
2022/9/15,453,doubt,33344,3011,1,12,32,34,16,4,0,7.29e-05,542,False,23.00281966,0.25066,2.0
2022/9/14,452,thyme,32142,2938,1,5,24,41,23,5,0,2.43e-06,551,False,21.51827509,0.32232,1.0
2022/9/13,451,alpha,29497,2706,0,3,19,40,28,9,1,1.24e-05,518,True,21.59543707,0.28382,2.0
2022/9/12,450,booze,29147,2883,0,1,7,27,38,23,4,1.91e-06,543,True,26.9149076,0.29282,3.0
2022/9/11,449,tibia,27887,2675,0,1,14,40,30,12,2,1.4e-06,521,True,20.83269228,0.32647,3.0
2022/9/10,448,lofty,29237,2777,0,4,19,34,27,13,3,4.62e-06,558,False,22.9863105,0.2479,1.0
2022/9/9,447,theme,32172,2909,0,8,29,40,18,4,0,2.57e-05,531,True,18.83241331,0.4296,2.0
2022/9/8,446,class,31962,3001,0,4,21,32,22,13,7,0.000162074,534,True,21.38132033,0.27628,1.0
2022/9/7,445,leery,30992,2873,0,3,17,37,28,12,2,3.29e-07,545,True,20.31336937,0.3739,2.0
2022/9/6,444,taunt,32734,3022,0,4,19,27,21,16,13,1.02e-06,556,True,19.61343059,0.35786,2.0
2022/9/5,443,whoop,32733,2970,0,1,16,47,29,7,1,8.11e-07,557,True,22.60877848,0.25397,2.0
2022/9/4,442,inter,32018,2889,0,6,25,36,23,8,1,1.82e-05,546,False,18.23658572,0.4146,2.0
2022/9/3,441,gully,31191,2877,0,1,9,27,31,25,7,1.28e-06,557,True,25.7457791,0.14797,1.0
2022/9/2,440,charm,35724,3149,1,12,32,34,16,5,1,1.02e-05,523,False,22.25749289,0.25436,1.0
2022/9/1,439,fungi,31903,2928,0,2,18,41,28,9,1,5.22e-06,537,False,24.03412519,0.20716,2.0
2022/8/31,438,prize,35343,3166,0,5,12,20,32,26,5,1.43e-05,554,False,26.97861121,0.27658,2.0
2022/8/30,437,onset,33660,3009,0,4,29,40,21,6,1,1.51e-05,553,False,18.04899139,0.42341,2.0
2022/8/29,436,chief,34281,3072,1,6,32,38,18,5,0,6.5e-05,511,False,21.51270555,0.30772,2.0
2022/8/28,435,gauze,30214,2866,0,2,11,24,31,25,8,1.72e-06,540,False,27.80441957,0.25716,3.0
2022/8/27,434,ruder,31241,2784,0,2,16,33,29,16,4,1.72e-07,546,True,20.83652733,0.31687,2.0
2022/8/26,433,irony,34716,3046,0,6,29,34,21,8,1,7.75e-06,561,False,21.19308498,0.29183,2.0
2022/8/25,432,clown,36737,3175,1,8,29,36,20,6,1,2.57e-06,547,False,22.83247265,0.23423,1.0
2022/8/24,431,needy,33700,2927,0,2,21,41,26,9,1,3.53e-06,533,True,20.06103681,0.3838,2.0
2022/8/23,430,woven,33549,2933,0,2,13,32,32,17,3,5.16e-06,559,False,22.68269371,0.30296,2.0
2022/8/22,429,merit,35888,3123,0,7,33,37,17,5,0,9.97e-06,545,False,19.72462283,0.37117,2.0
2022/8/21,428,waste,35617,3186,1,7,19,27,24,17,5,4.2e-05,548,False,19.44330854,0.38612,2.0
2022/8/20,427,treat,38245,3249,1,22,32,26,14,5,1,3.4e-05,544,True,17.58290976,0.44968,2.0
2022/8/19,426,shrug,33965,2987,0,4,23,36,26,10,1,5.19e-06,553,False,22.89413429,0.23181,1.0
2022/8/18,425,twang,34938,3172,0,3,22,43,25,7,1,4.47e-07,545,False,22.00636031,0.28347,1.0
2022/8/17,424,twice,35815,3173,1,6,28,38,21,6,1,3.77e-05,540,False,20.85818347,0.33866,2.0
2022/8/16,423,gruel,35105,3087,0,3,19,39,29,9,1,4.17e-07,543,False,22.48707283,0.27487,2.0
2022/8/15,422,poker,35376,3180,0,4,17,30,27,17,5,3.47e-06,545,False,23.48770153,0.28897,2.0
2022/8/14,421,khaki,31652,2968,0,2,17,33,28,16,4,1.32e-06,520,True,25.52840924,0.22771,2.0
2022/8/13,420,hunky,35276,3185,0,1,11,33,25,22,7,2.74e-07,559,False,25.7858005,0.18347,1.0
2022/8/12,419,label,34198,3076,0,4,18,32,29,15,2,1.89e-05,512,True,21.92726585,0.30411,2.0
2022/8/11,418,glean,37301,3243,0,6,23,37,24,8,1,8.63e-07,519,False,20.74804858,0.33658,2.0
2022/8/10,417,cling,37654,3312,0,4,20,34,27,13,2,3.43e-06,525,False,23.16838568,0.22537,1.0
2022/8/9,416,patty,36223,3019,0,2,16,39,29,12,1,3.34e-06,562,True,21.90275167,0.30182,1.0
2022/8/8,415,unfit,35516,3187,0,3,24,38,25,9,1,2.29e-06,550,False,21.86603107,0.27757,2.0
2022/8/7,414,smear,36223,3190,0,2,16,39,29,12,2,2.32e-06,536,False,20.01249944,0.35589,2.0
2022/8/6,413,alien,38841,3395,3,17,31,29,15,4,0,1.28e-05,521,False,18.95849794,0.38609,3.0
2022/8/5,412,buggy,37350,3428,0,1,9,29,34,22,5,2.06e-06,542,True,28.17572929,0.10254,1.0
2022/8/4,411,rhyme,37229,3336,0,4,22,39,25,8,1,3.21e-06,549,False,22.11531578,0.29163,1.0
2022/8/3,410,youth,38381,3327,1,5,17,31,29,15,3,5.32e-05,569,False,22.08003656,0.27389,2.0
2022/8/2,409,coyly,34909,3380,0,0,4,17,28,35,15,4.25e-07,560,True,24.86368928,0.18262,1.0
2022/8/1,408,quart,36662,3303,0,5,20,33,27,13,2,1.81e-06,557,False,26.36107371,0.26063,2.0
2022/7/31,407,cramp,39250,3369,1,8,26,33,19,10,2,8.17e-07,531,False,23.91702925,0.21271,1.0
2022/7/30,406,bluff,37353,3171,0,2,14,42,31,10,1,3.25e-06,527,True,26.85792371,0.12731,1.0
2022/7/29,405,upset,37791,3213,0,5,30,38,20,6,1,1.93e-05,561,False,21.30042602,0.32772,2.0
2022/7/28,404,stomp,40650,3490,0,7,26,32,21,11,2,7.95e-07,563,False,22.25615913,0.27225,1.0
2022/7/27,403,motto,38384,3285,0,1,11,36,36,14,1,2.92e-06,563,True,19.77842342,0.35532,2.0
2022/7/26,402,cinch,39171,3507,0,2,15,24,22,25,13,3.41e-07,517,True,22.10464238,0.25373,1.0
2022/7/25,401,elope,39228,3339,0,4,22,32,26,13,2,2.62e-07,533,True,20.020235,0.38865,3.0
2022/7/24,400,power,39813,3401,2,6,19,29,24,15,4,0.000336467,557,False,21.87558742,0.30485,2.0
2022/7/23,399,midge,36769,3111,0,2,18,39,28,10,2,4.29e-07,518,False,22.38606937,0.28342,2.0
2022/7/22,398,tryst,43099,3665,0,3,26,41,23,6,1,4.52e-07,582,True,20.63705618,0.324,0.0
2022/7/21,397,aphid,39086,3367,0,6,24,36,23,9,2,4.01e-07,518,False,21.74542075,0.27409,2.0
2022/7/20,396,trite,42237,3685,0,4,14,22,22,23,15,5.52e-07,552,True,17.81238552,0.43767,2.0
2022/7/19,395,angry,39667,3358,0,5,27,38,21,7,1,4.06e-05,545,False,22.86106587,0.24892,1.0
2022/7/18,394,flock,42574,3548,0,4,22,37,27,9,1,6.2e-06,527,False,26.04351128,0.17314,1.0
2022/7/17,393,wacky,39611,3345,0,3,18,39,27,10,2,3.56e-07,543,False,26.8667707,0.16055,1.0
2022/7/16,392,roomy,38769,3280,0,2,17,41,28,10,2,4.43e-07,566,True,22.57321608,0.25381,2.0
2022/7/15,391,wedge,39234,3353,0,2,11,32,37,17,2,4.07e-06,524,True,21.54726586,0.34032,2.0
2022/7/14,390,liver,40549,3388,0,4,16,26,25,20,8,2.45e-05,546,False,22.19323828,0.30658,2.0
2022/7/13,389,bland,46246,3727,0,7,31,38,18,4,0,2.97e-06,513,False,22.76008379,0.24686,1.0
2022/7/12,388,night,46910,3870,1,8,27,27,17,13,7,0.000260386,538,False,20.86723343,0.3088,1.0
2022/7/11,387,madam,40545,3430,0,3,13,35,34,14,2,7.33e-06,512,True,22.53791435,0.25399,2.0
2022/7/10,386,berth,41785,3494,0,7,24,35,24,9,1,1.71e-06,533,False,20.60695291,0.35331,1.0
2022/7/9,385,stead,47094,3933,1,6,20,27,28,16,3,2.43e-06,529,False,18.59361454,0.40505,2.0
2022/7/8,384,voice,42806,3484,1,5,24,35,25,9,1,0.00020779,534,False,22.39970143,0.30935,3.0
2022/7/7,383,agape,43407,3671,0,2,18,36,27,15,3,1.09e-06,510,True,21.53405174,0.3298,3.0
2022/7/6,382,fluff,47344,4049,0,0,4,25,44,23,4,8.64e-07,531,True,26.27942201,0.13467,1.0
2022/7/5,381,field,44578,3604,1,6,25,36,23,9,1,0.000157935,516,False,21.49874784,0.30174,2.0
2022/7/4,380,sever,42645,3591,0,2,13,27,29,21,7,1.22e-06,549,True,20.67405217,0.38696,2.0
2022/7/3,379,lilac,40486,3461,0,2,17,38,29,12,1,1.2e-06,517,True,21.89504426,0.25965,2.0
2022/7/2,378,egret,41765,3515,0,3,14,33,33,15,2,1.83e-07,535,True,19.11382634,0.42462,2.0
2022/7/1,377,pinto,47248,3792,0,5,25,41,22,6,1,1.58e-06,554,False,20.62931314,0.32207,2.0
2022/6/30,376,hutch,44212,3758,0,1,12,28,28,21,9,5.89e-07,540,True,21.88588311,0.26784,1.0
2022/6/29,375,gawky,45645,3957,0,1,5,22,33,28,10,1.55e-07,547,False,27.33211328,0.15288,1.0
2022/6/28,374,droll,47312,3844,0,2,16,31,31,17,3,5.97e-07,541,True,21.62275277,0.25797,1.0
2022/6/27,373,retro,47986,3848,0,6,24,35,24,9,1,1.09e-06,556,True,18.3015202,0.41239,2.0
2022/6/26,372,rusty,50450,3954,0,9,37,34,13,5,1,4.39e-06,583,False,22.35230768,0.26102,1.0
2022/6/25,371,beady,46089,3670,0,3,19,39,29,10,1,5.6e-07,517,False,22.87564057,0.28588,2.0
2022/6/24,370,smite,50617,3991,0,6,23,35,24,11,2,1.01e-06,546,False,19.64493451,0.37457,2.0
2022/6/23,369,brink,53111,4118,0,4,22,41,24,7,1,3.47e-06,534,False,24.87852316,0.21966,1.0
2022/6/22,368,awful,47645,3861,0,5,21,33,27,12,2,1.58e-05,543,False,24.32232739,0.19538,2.0
2022/6/21,367,gloat,53342,4194,0,8,21,31,26,12,2,3.88e-07,535,False,21.08259566,0.3077,2.0
2022/6/20,366,input,50484,3950,0,5,30,38,21,6,1,4.18e-05,560,False,22.07392716,0.27458,2.0
2022/6/19,365,loser,55359,4399,1,10,28,32,19,8,2,2.28e-06,549,False,19.39171705,0.36548,2.0
2022/6/18,364,cacao,47205,4101,0,1,9,27,36,23,4,9.79e-07,503,True,21.29918717,0.29405,3.0
2022/6/17,363,blown,54665,4251,0,6,23,35,26,10,1,9.05e-06,546,False,23.73134753,0.22133,1.0
2022/6/16,362,apron,53430,4112,0,7,30,38,19,5,1,4.06e-06,544,False,20.99687807,0.30339,2.0
2022/6/15,361,primo,55989,4391,0,3,22,38,25,10,2,9.94e-07,551,False,22.71439094,0.24795,2.0
2022/6/14,360,atone,59968,4762,2,16,34,29,14,4,1,8.43e-07,535,False,17.68070676,0.44181,3.0
2022/6/13,359,donor,53802,4142,0,3,27,38,23,7,1,9.93e-06,546,True,19.9778201,0.32003,2.0
2022/6/12,358,float,56684,4323,1,12,30,32,18,6,1,6.62e-06,534,False,20.93762626,0.30983,2.0
2022/6/11,357,goose,51958,4087,0,2,12,28,32,21,5,4.84e-06,541,True,20.06352278,0.36058,3.0
2022/6/10,356,piety,55376,4324,0,4,25,41,22,7,1,4.74e-06,555,False,21.64411761,0.32627,2.0
2022/6/9,355,girth,60020,4665,0,6,23,33,23,12,3,9.84e-07,542,False,21.04007391,0.30118,1.0
2022/6/8,354,trait,61026,4607,0,6,22,35,24,11,2,7.85e-06,548,True,18.44956306,0.39232,2.0
2022/6/7,353,flood,58991,4440,0,3,20,40,28,8,1,1.56e-05,532,True,22.14958911,0.2552,2.0
2022/6/6,352,gloom,58478,4548,0,2,14,35,35,13,1,5.42e-06,542,True,23.11640272,0.2346,2.0
2022/6/5,351,depth,56738,4329,0,6,28,39,20,6,1,3.55e-05,533,False,20.72969972,0.34034,1.0
2022/6/4,350,froth,58263,4432,0,5,22,35,25,11,1,8.51e-07,547,False,20.7871985,0.30872,1.0
2022/6/3,349,peach,65431,4957,1,13,38,32,13,3,0,3.41e-06,513,False,21.49112589,0.31674,2.0
2022/6/2,348,showy,61278,4770,0,2,16,37,30,13,2,7.53e-07,570,False,22.82222452,0.24262,1.0
2022/6/1,347,creak,63241,4797,0,5,21,32,25,14,3,1.39e-06,518,False,22.83786251,0.3041,2.0
2022/5/31,346,manor,62768,4802,0,6,27,34,21,10,2,4.9e-06,541,False,20.67809457,0.30816,2.0
2022/5/30,345,atoll,60969,4741,0,6,28,36,21,8,1,5.15e-07,540,True,20.08438671,0.3278,2.0
2022/5/29,344,bayou,56839,4435,0,6,17,33,29,13,2,8.81e-07,544,False,24.25924626,0.21898,3.0
2022/5/28,343,crept,60069,4562,0,4,27,38,22,7,1,7.83e-06,542,False,21.36761439,0.32456,1.0
2022/5/27,342,tiara,63846,4842,0,8,36,33,17,6,1,6.19e-07,529,True,18.59863079,0.38343,3.0
2022/5/26,341,asset,63188,4733,0,7,28,34,21,8,1,2.15e-05,544,True,18.0205738,0.42579,2.0
2022/5/25,340,vouch,62723,4835,0,2,9,25,33,24,6,6.86e-07,549,False,24.79600372,0.20119,2.0
2022/5/24,339,album,63380,4809,0,5,26,35,24,9,1,8.15e-06,529,False,24.8729793,0.18848,2.0
2022/5/23,338,hinge,66431,4906,0,5,25,37,22,9,2,2.07e-06,523,False,20.37912361,0.34526,2.0
2022/5/22,337,money,67909,4928,1,7,26,36,21,8,1,0.000181377,552,False,21.64162831,0.31338,2.0
2022/5/21,336,scrap,66814,4973,1,9,28,34,20,8,1,4.42e-06,537,False,22.52214429,0.25192,1.0
2022/5/20,335,gamer,69884,5238,1,4,17,28,26,18,6,4.4e-07,524,False,21.6632412,0.31277,2.0
2022/5/19,334,glass,70920,5162,0,4,19,33,27,14,3,7.88e-05,538,True,21.84666291,0.26861,1.0
2022/5/18,333,scour,73933,5544,0,8,34,35,17,5,1,8.94e-07,556,False,22.12794472,0.25361,2.0
2022/5/17,332,being,70722,5142,0,4,22,37,26,10,1,0.000604174,517,False,22.40926558,0.29924,2.0
2022/5/16,331,delve,68349,5179,0,2,14,32,33,16,2,1.44e-06,528,True,21.8199374,0.3466,2.0
2022/5/15,330,yield,67115,4963,0,4,16,29,29,18,4,2.82e-05,535,False,21.67337508,0.2992,2.0
2022/5/14,329,metal,73225,5290,1,10,31,34,18,7,1,5.2e-05,531,False,20.06799157,0.36356,2.0
2022/5/13,328,tipsy,77585,5522,0,6,33,38,17,5,1,7.88e-07,569,False,22.64957979,0.26252,1.0
2022/5/12,327,slung,75673,5419,0,2,16,37,31,13,2,2.89e-06,553,False,23.31969452,0.21874,1.0
2022/5/11,326,farce,79446,5688,0,9,26,32,21,9,1,1.52e-06,513,False,21.30878603,0.31866,2.0
2022/5/10,325,gecko,74412,5489,0,2,16,38,29,12,2,3.34e-07,521,False,24.53048568,0.25778,2.0
2022/5/9,324,shine,88932,6146,1,14,32,30,17,6,1,7.71e-06,535,False,18.72838186,0.38838,2.0
2022/5/8,323,canny,72518,5256,0,2,10,30,34,20,4,6.52e-07,537,True,22.2228828,0.26421,1.0
2022/5/7,322,midst,74458,5233,0,3,25,39,24,9,1,1.67e-05,545,False,21.22343742,0.29008,1.0
2022/5/6,321,badge,76292,5482,0,4,20,35,26,12,2,3.93e-06,499,False,22.84598272,0.28629,2.0
2022/5/5,320,homer,85979,6313,0,3,16,26,24,19,12,5.72e-06,539,False,20.18820128,0.34696,2.0
2022/5/4,319,train,107750,7243,6,26,32,22,10,3,0,4.92e-05,542,False,18.87376327,0.36925,2.0
2022/5/3,318,hairy,85817,5941,1,8,24,33,23,10,1,3.16e-06,541,False,21.21879949,0.29188,2.0
2022/5/2,317,story,95643,6530,1,10,23,29,24,11,2,0.000163662,577,False,20.90769365,0.30851,1.0
2022/5/1,316,forgo,77658,5699,0,1,9,26,37,23,3,9.42e-07,541,True,22.65444564,0.25244,2.0
2022/4/30,315,larva,77991,5749,0,2,10,25,35,23,4,9.26e-07,534,True,22.60094007,0.27324,2.0
2022/4/28,313,zesty,88974,6315,0,2,12,27,30,22,7,1.61e-07,575,False,26.48711055,0.30133,1.0
2022/4/27,312,shown,98967,6564,0,6,26,36,22,8,1,0.000133095,559,False,21.04867276,0.29037,1.0
2022/4/26,311,heist,103153,6830,1,13,32,31,16,6,1,4.18e-07,541,False,18.30418165,0.41145,2.0
2022/4/25,310,askew,91548,6549,0,3,13,29,32,19,4,8.7e-07,539,False,22.99550974,0.30328,2.0
2022/4/24,309,inert,97452,6743,0,7,27,34,22,9,1,2.84e-06,546,False,18.23658572,0.4146,2.0
2022/4/23,308,olive,95562,6482,1,6,25,34,23,10,1,1.58e-05,543,False,21.86683507,0.32178,3.0
2022/4/22,307,plant,119232,7731,2,19,39,28,10,3,0,6.7e-05,543,False,21.29908508,0.29926,1.0
2022/4/21,306,oxide,97955,6960,0,2,11,30,33,21,4,1.13e-05,537,False,24.49221496,0.31578,3.0
2022/4/20,305,cargo,102007,6796,0,5,20,34,27,12,2,9.42e-06,524,False,22.21250271,0.26458,2.0
2022/4/19,304,foyer,108899,8198,0,2,10,19,19,23,26,2.91e-06,549,False,21.9253562,0.30398,2.0
2022/4/18,303,flair,112383,7341,1,8,30,36,18,6,1,1.43e-06,526,False,21.64257296,0.27373,2.0
2022/4/17,302,ample,106681,7008,0,4,20,35,27,11,2,6.63e-06,527,False,22.29901238,0.29229,2.0
2022/4/16,301,cheek,107987,7035,0,3,19,40,28,9,1,2.56e-05,512,True,22.17512874,0.35052,2.0
2022/4/15,300,shame,129991,8522,1,11,22,25,21,15,5,2.41e-05,526,False,19.98694321,0.35696,2.0
2022/4/14,299,mince,113448,7356,0,6,24,35,24,10,1,8.87e-07,524,False,21.25453389,0.31605,2.0
2022/4/13,298,chunk,123255,7835,1,4,29,42,18,5,1,2.95e-06,537,False,25.29080007,0.19155,1.0
2022/4/12,297,royal,114907,7275,1,5,24,36,23,9,1,5.14e-05,551,False,21.70929419,0.2766,2.0
2022/4/11,296,squad,109828,7236,0,3,20,33,27,14,2,6.11e-06,542,False,27.37177849,0.216,2.0
2022/4/10,295,black,126241,7894,1,10,31,34,18,6,1,0.000223749,509,False,26.50044323,0.17238,1.0
2022/4/9,294,stair,134210,8537,2,21,36,26,11,4,1,2.5e-06,547,False,18.96691542,0.36503,2.0
2022/4/8,293,scare,141158,9010,1,12,23,26,21,13,4,5.67e-06,526,False,19.80301367,0.35965,2.0
2022/4/7,292,foray,117761,7575,0,2,14,31,31,19,4,8.86e-07,545,False,22.56253375,0.25863,2.0
2022/4/6,291,comma,117856,7560,0,2,13,33,33,17,3,1.72e-06,525,True,23.27184253,0.23268,2.0
2022/4/5,290,natal,121356,7702,0,2,14,32,32,17,3,2.15e-06,528,True,19.217132,0.36164,2.0
2022/4/4,289,shawl,129651,7943,0,3,16,31,30,16,3,2.6e-06,543,False,21.67278798,0.26973,1.0
2022/4/3,288,fewer,124532,7931,0,2,10,24,32,26,6,1.97e-05,537,True,20.90894405,0.35979,2.0
2022/4/2,287,trope,155079,9315,1,16,33,28,15,6,1,2.16e-06,554,False,19.93550032,0.37181,2.0
2022/4/1,286,snout,144648,8913,1,4,19,27,26,18,5,1.41e-06,569,False,20.2523527,0.32397,2.0
2022/3/31,285,lowly,135219,8469,0,2,9,26,32,24,8,2.24e-06,567,True,24.07315805,0.19891,1.0
2022/3/30,284,stove,158139,9318,0,5,16,24,27,21,6,7.32e-06,561,False,20.83575877,0.3657,2.0
2022/3/29,283,shall,149070,8494,0,3,17,30,28,17,4,0.00025302,532,True,20.90258606,0.28638,1.0
2022/3/28,282,found,173696,10613,1,6,17,22,20,21,14,0.000393437,540,False,22.84851817,0.23495,2.0
2022/3/27,281,nymph,165468,9935,1,2,18,44,26,26,9,1.39e-06,556,False,24.66160592,0.19152,0.0
2022/3/26,280,epoxy,149507,9376,0,2,13,31,33,18,3,1.9e-06,565,False,27.45205116,0.24262,2.0
2022/3/25,279,depot,150197,8562,0,5,29,36,20,7,1,3.23e-06,540,False,20.42885274,0.35447,2.0
2022/3/24,278,chest,169066,9318,1,14,35,31,14,5,1,6.94e-05,535,False,19.6283897,0.36961,1.0
2022/3/23,277,purge,156785,8555,1,4,22,35,26,11,2,2.17e-06,547,False,23.54820847,0.25391,2.0
2022/3/22,276,slosh,160161,8807,0,2,19,36,27,13,2,1.74e-07,553,True,20.37162299,0.3028,1.0
2022/3/21,275,their,173636,9200,2,14,36,30,13,4,0,0.002028576,540,False,18.38386998,0.40805,2.0
2022/3/20,274,renew,154987,8417,0,4,20,33,27,13,2,3.71e-06,545,True,19.31001953,0.405,2.0
2022/3/19,273,allow,156311,8515,0,5,21,32,26,14,3,8.98e-05,543,True,22.02447381,0.26084,2.0
2022/3/18,272,saute,179830,9304,1,8,31,34,19,6,1,1.06e-07,546,False,19.21847294,0.3901,3.0
2022/3/17,271,movie,169071,8847,1,5,18,30,26,16,3,2.53e-05,544,False,22.60918721,0.30559,3.0
2022/3/16,270,cater,217856,11234,1,7,19,22,19,18,15,1.75e-06,527,False,19.2856613,0.38694,2.0
2022/3/15,269,tease,202855,10024,1,16,32,30,16,6,1,3.64e-06,530,True,17.01511163,0.48954,3.0
2022/3/14,268,smelt,185406,9373,0,5,19,33,28,13,2,1.56e-06,549,False,20.4362762,0.34516,1.0
2022/3/13,267,focus,179436,8937,1,4,23,36,24,10,1,0.000118429,544,False,23.55402876,0.21602,2.0
2022/3/12,266,today,192049,9353,1,7,29,35,20,7,1,0.000148699,545,False,21.03276144,0.30957,2.0
2022/3/11,265,watch,226349,12400,1,6,14,18,17,24,20,7.34e-05,535,False,21.68830198,0.28459,1.0
2022/3/10,264,lapse,208884,9960,0,8,31,34,19,7,1,2.91e-06,533,False,20.90412743,0.3315,2.0
2022/3/9,263,month,201799,9435,1,5,26,37,22,8,1,6.32e-05,550,False,20.50347061,0.31812,1.0
2022/3/8,262,sweet,207473,9767,1,5,18,31,28,15,2,5.18e-05,552,True,18.806131,0.43147,2.0
2022/3/7,261,hoard,218595,9823,1,9,30,34,19,7,1,1.11e-06,526,False,20.00353461,0.32008,2.0
2022/3/6,260,cloth,218595,9911,1,8,33,34,17,7,1,1.72e-05,538,False,21.0396698,0.29464,1.0
2022/3/5,259,brine,229895,10405,1,9,25,29,22,12,3,1.66e-06,528,False,20.83821215,0.33896,2.0
2022/3/4,258,ahead,203730,9396,1,5,20,35,26,12,2,5.29e-05,499,True,18.79681437,0.39383,3.0
2022/3/3,257,mourn,240018,10465,1,8,29,34,19,8,1,2.56e-06,561,False,22.24427834,0.25407,2.0
2022/3/2,256,nasty,257304,10813,1,7,26,31,21,11,2,6.78e-06,559,False,20.61328342,0.32273,1.0
2022/3/1,255,rupee,240137,10577,1,2,17,35,30,13,2,5.23e-07,545,True,20.89200454,0.36078,3.0
2022/2/28,254,choke,251094,10521,1,8,30,36,18,6,1,2.88e-06,522,False,22.93387602,0.29857,2.0
2022/2/27,253,chant,250413,10438,1,9,33,33,16,7,1,3.13e-06,526,False,20.17241509,0.32848,1.0
2022/2/26,252,spill,248363,10087,1,5,26,34,22,10,2,5.05e-06,548,True,22.79159817,0.23272,1.0
2022/2/25,251,vivid,255907,11687,1,2,10,29,33,21,4,8.12e-06,546,True,25.59432641,0.20141,2.0
2022/2/24,250,bloke,250674,10405,1,6,21,32,25,12,2,1.56e-06,525,False,24.43115162,0.26498,2.0
2022/2/23,249,trove,277576,11411,1,5,16,24,25,22,8,7.44e-07,560,False,20.9154471,0.3623,2.0
2022/2/22,248,thorn,306356,11814,1,14,38,30,12,4,0,3.45e-06,555,False,19.18827398,0.35393,1.0
2022/2/21,247,other,278731,10887,1,9,26,30,21,10,2,0.001275334,546,False,18.27596397,0.41346,2.0
2022/2/20,246,tacit,273306,11094,1,4,21,32,26,14,3,3.3e-06,533,True,19.55527391,0.36027,2.0
2022/2/19,245,swill,282327,11241,1,1,8,19,31,30,10,1.93e-07,555,True,22.50066445,0.23703,1.0
2022/2/18,244,dodge,265238,10220,1,3,15,29,27,19,7,3.94e-06,515,True,21.45631915,0.3073,2.0
2022/2/17,243,shake,342003,12767,1,6,16,23,24,21,9,2.17e-05,524,False,21.6269071,0.34062,2.0
2022/2/16,242,caulk,289721,10740,1,4,20,31,26,15,3,1.09e-07,528,False,25.61406831,0.18504,2.0
2022/2/15,241,aroma,287836,10343,1,6,25,33,22,11,2,3.73e-06,528,True,20.4029621,0.32234,3.0
2022/2/14,240,cynic,261521,10343,1,6,25,33,22,11,2,6.16e-07,534,True,23.73090989,0.21253,1.0
2022/2/13,239,robin,277471,3249,1,6,29,34,21,8,1,1.08e-05,538,False,21.59695943,0.28701,2.0
2022/2/12,238,ultra,269885,9310,1,7,23,34,24,10,1,5.1e-06,552,False,20.95615625,0.29993,2.0
2022/2/11,237,ulcer,278826,10631,1,4,18,30,28,16,3,2.72e-06,539,False,22.02173025,0.28254,2.0
2022/2/10,236,pause,304830,13480,1,8,26,32,21,10,2,1.87e-05,542,False,21.44949376,0.31883,3.0
2022/2/9,235,humor,305372,13846,1,5,22,34,25,11,2,1.2e-05,555,False,22.3915626,0.24752,2.0
2022/2/8,234,frame,336236,15369,1,10,20,24,24,17,3,4.21e-05,523,False,21.51827181,0.3149,2.0
2022/2/7,233,elder,288228,13340,1,3,13,24,30,24,5,1.48e-05,524,True,19.2060105,0.39669,2.0
2022/2/6,232,skill,311018,13716,1,3,17,33,27,16,3,2.84e-05,543,True,24.11277856,0.22115,1.0
2022/2/5,231,aloft,319698,13708,1,4,22,36,25,11,2,2.37e-06,534,False,20.93762626,0.30983,2.0
2022/2/4,230,pleat,359679,14813,1,10,28,31,19,9,2,1.29e-07,534,False,20.38677507,0.35879,2.0
2022/2/3,229,shard,358176,14609,1,7,22,28,25,14,4,8.57e-07,530,False,20.2502495,0.30828,1.0
2022/2/2,228,moist,361908,14205,3,13,32,29,16,7,1,5.08e-06,556,False,20.4036818,0.32262,2.0
2022/2/1,227,those,351663,13606,1,13,34,30,15,6,1,0.000622798,547,False,18.19627564,0.41686,2.0
2022/1/31,226,light,341314,13347,1,10,25,27,19,12,5,0.000239503,536,False,21.6129184,0.28156,1.0
2022/1/30,225,wrung,294687,11524,0,2,18,39,27,12,2,1.51e-06,563,False,24.16958477,0.19869,1.0
2022/1/29,224,could,313220,11592,1,7,29,35,20,8,1,0.001276894,535,False,23.27382995,0.21325,2.0
2022/1/28,223,perky,296968,11148,1,4,17,30,27,17,4,5.68e-07,555,False,25.41481602,0.23364,1.0
2022/1/27,222,mount,331844,11451,1,9,29,33,19,7,1,1.96e-05,563,False,21.64723765,0.28476,2.0
2022/1/26,221,whack,302348,10163,1,4,22,37,24,10,2,1.03e-06,526,False,25.24050319,0.20175,1.0
2022/1/25,220,sugar,276404,8708,1,6,25,34,23,9,1,3.67e-05,546,False,22.47171756,0.25254,2.0
2022/1/24,219,knoll,258038,8317,1,1,11,29,33,21,4,1.09e-06,544,True,23.91172039,0.23078,1.0
2022/1/23,218,crimp,269929,7630,1,5,28,38,20,7,1,3.78e-07,539,False,24.146505,0.2007,1.0
2022/1/22,217,wince,241489,6850,1,3,17,33,29,15,3,1.39e-06,534,False,21.28238367,0.31559,2.0
2022/1/21,216,prick,273727,7409,1,8,30,33,19,7,1,2.7e-06,537,False,25.78646889,0.18436,1.0
2022/1/20,215,robot,243964,6589,1,8,29,34,20,8,1,1.03e-05,550,True,21.06485322,0.31549,2.0
2022/1/19,214,point,280622,7094,1,16,37,28,12,4,1,0.000306212,554,False,20.62931314,0.32207,2.0
2022/1/18,213,proxy,220950,6206,1,2,11,24,31,26,6,4.99e-06,578,False,28.53720166,0.17547,1.0
2022/1/17,212,shire,222197,5640,1,8,32,32,18,8,2,8.52e-07,539,False,18.90122234,0.38076,2.0
2022/1/16,211,solar,209609,4955,1,9,32,32,18,7,1,2.17e-05,545,False,20.02889459,0.32013,2.0
2022/1/15,210,panic,205880,4655,1,9,35,34,16,5,1,1.86e-05,523,False,22.21049493,0.26593,2.0
2022/1/14,209,tangy,169484,3985,1,4,21,30,24,15,5,5.53e-07,547,False,22.26402518,0.27961,1.0
2022/1/13,208,abbey,132726,3345,1,2,13,29,31,20,3,6.39e-06,515,True,24.38687389,0.25827,2.0
2022/1/12,207,favor ,137586,3073,1,4,15,26,29,21,4,2.74e-05,574,False,23.57574936,0.24867,2.0
2022/1/11,206,drink,153880,3017,1,9,35,34,16,5,1,5.65e-05,536,False,23.36728984,0.24727,1.0
2022/1/10,205,query,107134,2242,1,4,16,30,30,17,2,1.02e-05,566,False,27.92164814,0.23516,2.0
2022/1/9,204,gorge,91477,1913,1,3,13,27,30,22,4,2.68e-06,532,True,22.04066775,0.30226,2.0
2022/1/8,203,crank,101503,1763,1,5,23,31,24,14,2,1.58e-06,527,False,23.75017252,0.24457,1.0
2022/1/7,202,slump,80630,1362,1,3,23,39,24,9,1,1.37e-06,561,False,24.87065833,0.17445,1.0
